INSERT INTO CUSTOMER (customerId, firstName, middleName, lastName, gender, email, password, dateOfBirth, street, state, country, city, zip) VALUES
(1, 'Emma', 'Davis', 'Wilson', 'female', 'emma.wilson@example.com', 'emma123', '1992-09-14', '789 Pine St', 'FL', 'USA', 'Beach City', '98765'),
(2, 'Elena', 'Harris', 'Taylor', 'female', 'elena.harrison@gmail.com', 'elena678', '1992-09-15', '790 Pine St', 'FL', 'USA', 'Beach City', '67890'),
(3, 'Selena', 'Anderson', 'Young', 'female', 'selena.anderson@gmail.com', 'selena234', '1992-04-14', '791 Pine St', 'FL', 'USA', 'Beach City', '98765'),
(4, 'Alice', 'Johnson', 'Brown', 'female', 'alice.brown@example.com', 'alicepass', '1992-04-12', '234 Maple St', 'FL', 'USA', 'Beach City', '34567'),
(5, 'Charlie', 'Miller', 'Jones', 'male', 'charlie.jones@example.com', 'charliepass', '1988-07-25', '567 Pine St', 'TX', 'USA', 'Hometown', '45678'),
(6, 'Eva', 'Taylor', 'Green', 'female', 'eva.green@example.com', 'evapass', '1995-11-18', '789 Oak St', 'CA', 'USA', 'Sunnydale', '56789'),
(7, 'David', 'Williams', 'Clark', 'male', 'david.clark@example.com', 'davidpass', '1980-02-03', '890 Cedar St', 'NY', 'USA', 'Metropolis', '67890'),
(8, 'Grace', 'Moore', 'Taylor', 'female', 'grace.taylor@example.com', 'gracepass', '1998-09-09', '123 Elm St', 'CA', 'USA', 'Harbor City', '78901'),
(9, 'Frank', 'Wilson', 'Young', 'male', 'frank.young@example.com', 'frankpass', '1983-06-14', '456 Birch St', 'TX', 'USA', 'Riverside', '89012'),
(10, 'Helen', 'Martin', 'Adams', 'female', 'helen.adams@example.com', 'helenpass', '1993-12-30', '678 Pine St', 'NY', 'USA', 'Mountain View', '90123'),
(11, 'Ivan', 'Jackson', 'Lee', 'male', 'ivan.lee@example.com', 'ivanpass', '1986-08-28', '789 Oak St', 'CA', 'USA', 'Sunset City', '23456'),
(12, 'Olivia', 'Harris', 'Smith', 'female', 'olivia.smith@example.com', 'oliviapass', '1996-04-02', '890 Cedar St', 'NY', 'USA', 'Meadowville', '34567'),
(13, 'James', 'Anderson', 'Wright', 'male', 'james.wright@example.com', 'jamespass', '1989-10-19', '123 Elm St', 'CA', 'USA', 'Seaside', '45678'),
(14, 'Mia', 'Thompson', 'Allen', 'female', 'mia.allen@example.com', 'miapass', '1991-01-08', '456 Maple St', 'TX', 'USA', 'Valley Town', '56789'),
(15, 'Nathan', 'Miller', 'Brown', 'male', 'nathan.brown@example.com', 'nathanpass', '1987-05-22', '678 Oak St', 'NY', 'USA', 'Lakewood', '67890'),
(16, 'Sophia', 'Brown', 'Clark', 'female', 'sophia.clark@example.com', 'sophiapass', '1994-02-25', '345 Cedar St', 'TX', 'USA', 'Springfield', '23456'),
(17, 'Daniel', 'Jones', 'Moore', 'male', 'daniel.moore@example.com', 'danielpass', '1981-07-10', '456 Elm St', 'CA', 'USA', 'Green City', '34567'),
(18, 'Emily', 'White', 'Hill', 'female', 'emily.hill@example.com', 'emilypass', '1997-09-15', '567 Pine St', 'NY', 'USA', 'Oceanview', '45678'),
(19, 'Joseph', 'Lee', 'Carter', 'male', 'joseph.carter@example.com', 'josephpass', '1984-04-18', '678 Oak St', 'FL', 'USA', 'Sunset City', '56789'),
(20, 'Ava', 'Anderson', 'Young', 'female', 'ava.young@example.com', 'avapass', '1990-11-22', '789 Maple St', 'CA', 'USA', 'Harbor City', '67890'),
(21, 'Benjamin', 'Wilson', 'Evans', 'male', 'benjamin.evans@example.com', 'benjaminpass', '1983-03-28', '890 Cedar St', 'NY', 'USA', 'Meadowville', '78901'),
(22, 'Mia', 'Thompson', 'Lopez', 'female', 'mia.lopez@example.com', 'miapass', '1996-01-02', '123 Birch St', 'TX', 'USA', 'Valley Town', '89012'),
(23, 'Samuel', 'Harris', 'Adams', 'male', 'samuel.adams@example.com', 'samuelpass', '1989-08-19', '234 Pine St', 'CA', 'USA', 'Lakewood', '90123'),
(24, 'Scarlett', 'Martin', 'Wright', 'female', 'scarlett.wright@example.com', 'scarlettpass', '1991-12-30', '345 Oak St', 'FL', 'USA', 'Sunnydale', '12345'),
(25, 'David', 'Clark', 'Taylor', 'male', 'david.taylor@example.com', 'davidpass', '1987-05-10', '456 Maple St', 'NY', 'USA', 'Mountain View', '54321');


INSERT INTO CUSTOMER_PHONE (customerId, phone) VALUES
(1, '1234567890'),
(2, '2345678901'),
(3, '3456789012'),
(4, '4567890123'),
(5, '5678901234'),
(6, '6789012345'),
(7, '7890123456'),
(8, '8901234567'),
(9, '9012345678'),
(10, '1234567890'),
(11, '2345678901'),
(12, '3456789012'),
(13, '4567890123'),
(14, '5678901234'),
(15, '6789012345'),
(16, '7890123456'),
(17, '8901234567'),
(18, '9012345678'),
(19, '1234567890'),
(20, '2345678901'),
(21, '3456789012'),
(22, '4567890123'),
(23, '5678901234'),
(24, '6789012345'),
(25, '7890123456');

INSERT INTO PRODUCT (productId, productName, productPrice, productCategory, productDescription, productQuantity) VALUES
(1001, 'Murumuru Butter Shampoo Bar', 999.99, 'Shampoo Bar', 'Softens Hair + Tames Frizz + Deep Conditions Hair + Detangles Hair', 50),
(1002, 'Silk Protein Shampoo Bar', 699.99, 'Shampoo Bar', 'Restores Shine + Softens Hair + Make Hair Silky', 30),
(1003, 'Virgin Coconut Oil Shampoo Bar', 89.99, 'Shampoo Bar', 'Restores Shine + Deeply Nourishes Hair + Stimulates Hair Growth', 100),
(2001, 'Phyto Clear Oil Free Moisturiser', 49.99, 'Moisturiser', 'Hydrates & Moisturize skin + Fades Away Dark Spots + Heals Acne & Rashes', 20),
(2002, 'Vitamin E Intense Nourish Day Cream', 39.99, 'Moisturiser', 'Regenerates new skin cells + Fights UV Rays damage + Fights acne-causing bacteria', 15),
(3001, 'Glow Surge Airy Sunstick SPF 50 Sunscreen', 79.99, 'Sunscreen', 'Nourishes Skin + Prevents Sun Damage + SPF 50 + PA++++', 75),
(3002, 'Ultra Defence Hybrid Sunscreen Fluid', 19.99, 'Sunscreen', 'Non Sticky + No Tint + PA++++', 120),
(3003, 'Hybrid Sunstick SPF 50 Sunscreen', 149.99, 'Sunscreen', 'SPF 50 + PA+++ + Refillable', 50),
(4001, 'Rosemary Mist', 29.99, 'Mist', 'Suitable for face and hair', 40),
(5001, 'Tamanu Vitamin E Hair Oil', 34.99, 'Oil', 'Nourishes Hair + Prevents Dryness+ Boosts Shine', 25),
(5002, 'Fenugreek & Keratin Protein Hair Oil', 15.99, 'Oil', 'Strengthens Hair + Tames Frizz + Restores Shine', 60),
(6001, 'Sea Glow Hydrating Gel', 499.99, 'Gel', '72 Hour Hydration + Oil Free + Lightweight', 10),
(6002, 'Aloe Vera Gel', 249.99, 'Gel', 'Healing + Calming + Soothing', 15),
(7001, 'Bamboo Charcoal Shampoo Bar', 299.99, 'Shampoo Bar', 'Restores Shine + Softens Hair + Make Hair Silky', 20),
(7002, 'Anti Dandruff Shampoo Bar', 79.99, 'Shampoo Bar', 'Controls Itchiness + Eliminates Dandruff + Cools Scalp', 30),
(8001, 'Retinol Intense Repair Night Cream', 129.99, 'Moisturiser', 'Clears clogged pores + Gives radiant skin + Repairs skin damage', 12),
(9001, 'Milk Protein Shampoo Bar', 59.99, 'Shampoo Bar', 'Strengthen Roots + Volumizes Hair+ Stimulates Regrowth + Reduces Hairfall', 40),
(9002, 'Mineral Sunserum SPF 50', 29.99, 'Sunscreen', 'Mineral induced sunscreen', 50),
(10001, 'Moist Repair Murumuru Hair Conditioner', 179.99, 'Conditioner', 'Locks Moisture + Controls Frizz + Repairs Damage', 25),
(10002, 'Phyto Curls - Deep Conditioner', 49.99, 'Conditioner', 'Softens Hair + Controls Greasiness + Moisturizes', 30),
(11001, 'Peppermint Mist', 24.99, 'Mist', 'Suitable for face and hair', 50),
(12001, 'Phyto Ceramide Deep Moisturiser', 129.99, 'Moisturiser', 'Prevent Dryness+ Enhance Moisture Balance + Reduce Fine lines & Wrinkles', 18),
(13001, 'Baby Shampoo Bar', 39.99, 'Shampoo Bar', 'Softens + Moisturises + Protects', 35),
(14001, 'Sun Serum SPF 50', 89.99, 'Sunscreen', 'Treat + Moisturize + Protect', 20),
(15001, 'Biotin Nourishing Hair Oil', 129.99, 'Oil', 'Boost Hair Growth + More Keratin + Prevents Breakage', 15);

INSERT INTO ORDERS VALUES
(104, 'Processing', '2023-04-08 09:45:00', 799.99, '2023-04-15 15:00:00'),
(105, 'Shipped', '2023-05-02 11:30:00', 149.99, '2023-05-08 17:45:00'),
(106, 'Delivered', '2023-06-20 13:15:00', 449.99, '2023-06-25 14:30:00'),
(107, 'Processing', '2023-07-10 10:30:00', 399.99, '2023-07-15 16:00:00'),
(108, 'Shipped', '2023-08-05 12:15:00', 59.99, '2023-08-10 18:30:00'),
(109, 'Delivered', '2023-09-18 14:00:00', 89.99, '2023-09-25 15:15:00'),
(110, 'Processing', '2023-10-10 11:45:00', 29.99, '2023-10-15 17:00:00'),
(111, 'Shipped', '2023-11-02 13:30:00', 19.99, '2023-11-08 16:45:00'),
(112, 'Delivered', '2023-12-15 15:15:00', 49.99, '2023-12-20 14:30:00'),
(113, 'Processing', '2024-01-08 10:00:00', 129.99, '2024-01-15 15:30:00'),
(114, 'Shipped', '2024-02-02 11:45:00', 299.99, '2024-02-08 17:00:00'),
(115, 'Delivered', '2024-03-20 14:30:00', 149.99, '2024-03-25 16:45:00'),
(116, 'Processing', '2024-04-08 09:45:00', 199.99, '2024-04-15 15:00:00'),
(117, 'Shipped', '2024-05-02 11:30:00', 79.99, '2024-05-08 17:45:00'),
(118, 'Delivered', '2024-06-20 13:15:00', 349.99, '2024-06-25 14:30:00'),
(119, 'Processing', '2024-07-10 10:30:00', 29.99, '2024-07-15 16:00:00'),
(120, 'Shipped', '2024-08-05 12:15:00', 19.99, '2024-08-10 18:30:00'),
(121, 'Delivered', '2024-09-18 14:00:00', 24.99, '2024-09-25 15:15:00'),
(122, 'Processing', '2024-10-10 11:45:00', 49.99, '2024-10-15 17:00:00'),
(123, 'Shipped', '2024-11-02 13:30:00', 129.99, '2024-11-08 16:45:00'),
(124, 'Delivered', '2024-12-15 15:15:00', 19.99, '2024-12-20 14:30:00'),
(125, 'Processing', '2025-01-08 10:00:00', 89.99, '2025-01-15 15:30:00');

INSERT INTO TRANSACTION (trsnId, trsnStatus, trsnTime, trsnModeId) VALUES
('TXN2023001', true, '2023-01-01 10:15:00', 1),
('TXN2023002', false, '2023-01-02 14:30:00', 2),
('TXN2023003', true, '2023-01-03 08:45:00', 1),
('TXN2023004', false, '2023-01-04 17:20:00', 3),
('TXN2023005', true, '2023-01-05 12:10:00', 2),
('TXN2023006', true, '2023-01-06 09:30:00', 1),
('TXN2023007', false, '2023-01-07 15:45:00', 3),
('TXN2023008', true, '2023-01-08 11:25:00', 2),
('TXN2023009', false, '2023-01-09 18:00:00', 1),
('TXN2023010', true, '2023-01-10 13:40:00', 3),
('TXN2023011', true, '2023-01-11 10:05:00', 1),
('TXN2023012', false, '2023-01-12 16:15:00', 2),
('TXN2023013', true, '2023-01-13 12:30:00', 3),
('TXN2023014', false, '2023-01-14 09:50:00', 1),
('TXN2023015', true, '2023-01-15 17:00:00', 2),
('TXN2023016', true, '2023-01-16 13:20:00', 3),
('TXN2023017', false, '2023-01-17 11:35:00', 1),
('TXN2023018', true, '2023-01-18 18:10:00', 2),
('TXN2023019', false, '2023-01-19 14:25:00', 1),
('TXN2023020', true, '2023-01-20 10:45:00', 3),
('TXN2023021', true, '2023-01-21 17:55:00', 1),
('TXN2023022', false, '2023-01-22 12:20:00', 2),
('TXN2023023', true, '2023-01-23 09:30:00', 3),
('TXN2023024', false, '2023-01-24 15:40:00', 1),
('TXN2023025', true, '2023-01-25 11:00:00', 2);

INSERT INTO TRANSACTION_MODE (trsnModeId, trsnModeName) VALUES
(1, 'Online Payment'),
(2, 'Credit Card'),
(3, 'Cash On Delivery');

INSERT INTO CUSTOMER_SUPPORT (custSupId, custSupRating, custSupStatus)
VALUES
('SUP001', 4, 'Resolved'),
('SUP002', 3, 'In Progress'),
('SUP003', 5, 'Open'),
('SUP004', 2, 'Closed'),
('SUP005', 5, 'Resolved'),
('SUP006', 4, 'Open'),
('SUP007', 1, 'In Progress'),
('SUP008', 5, 'Resolved'),
('SUP009', 3, 'In Progress'),
('SUP0010', 4, 'Closed'),
('SUP0011', 5, 'Resolved'),
('SUP0012', 2, 'In Progress'),
('SUP0013', 4, 'Resolved'),
('SUP0014', 3, 'Closed'),
('SUP0015', 5, 'Resolved'),
('SUP0016', 5, 'Open'),
('SUP0017', 2, 'In Progress'),
('SUP0018', 4, 'Resolved'),
('SUP0019', 3, 'Open'),
('SUP0020', 5, 'Resolved');

INSERT INTO CART (cartTotal)
VALUES
(25.99),
(50.75),
(15.50),
(30.00),
(75.25),
(40.99),
(20.50),
(55.75),
(10.25),
(60.50),
(45.99),
(12.75),
(33.00),
(28.25),
(18.99),
(22.50),
(48.75),
(37.25),
(65.99),
(8.50);
-- TOCHECK : if 20th cartId was added, check cart table last inserted tuple
INSERT INTO ADD_TO_CART (customerId, productId, cartId, quantity)
VALUES
(1, 1001, 1, 2),
(1, 1002, 1, 1),
(2, 1003, 2, 3),
(3, 2001, 3, 1),
(4, 2002, 4, 2),
(5, 3001, 5, 1),
(6, 3002, 6, 3),
(7, 3003, 7, 1),
(8, 4001, 8, 2),
(9, 5001, 9, 1),
(10, 5002, 10, 2),
(11, 6001, 11, 1),
(12, 6002, 12, 3),
(13, 7001, 13, 1),
(14, 7002, 14, 2),
(15, 8001, 15, 1),
(16, 9001, 16, 2),
(17, 9002, 17, 1),
(18, 10001, 18, 3),
(19, 10002, 19, 1),
(20, 11001, 20, 2);

INSERT INTO RAISE_TICKET (customerId, custSupId)
VALUES
(1, 'SUP001'),
(2, 'SUP002'),
(3, 'SUP003'),
(4, 'SUP004'),
(5, 'SUP005'),
(6, 'SUP006'),
(7, 'SUP007'),
(8, 'SUP008'),
(9, 'SUP009'),
(10, 'SUP0010'),
(11, 'SUP0011'),
(12, 'SUP0012'),
(13, 'SUP0013'),
(14, 'SUP0014'),
(15, 'SUP0015'),
(16, 'SUP0016'),
(17, 'SUP0017'),
(18, 'SUP0018'),
(19, 'SUP0019'),
(20, 'SUP0020');

INSERT INTO TICKET_DETAILS (custSupId, concern, custSupCategory)
VALUES
('SUP001', 'Login issue', 'Technical Support'),
('SUP002', 'Product selection assistance', 'Product Inquiry'),
('SUP003', 'Billing inquiry', 'Billing'),
('SUP004', 'Guided tracking', 'Order Tracking'),
('SUP005', 'Positive feedback', 'General Inquiry'),
('SUP006', 'Addressed shipping delay', 'Shipping'),
('SUP007', 'Unsatisfactory experience', 'Customer Experience'),
('SUP008', 'Technical issue', 'Technical Support'),
('SUP009', 'Escalated technical issue', 'Technical Support'),
('SUP0010', 'Assisted return and refund', 'Returns and Refunds'),
('SUP0011', 'Positive review', 'General Inquiry'),
('SUP0012', 'Unresolved issue', 'General Inquiry'),
('SUP0013', 'Account verification', 'Account Support'),
('SUP0014', 'Product quality concern', 'Product Inquiry'),
('SUP0015', 'Positive experience', 'General Inquiry'),
('SUP0016', 'Efficiently resolved order customization', 'Order Customization'),
('SUP0017', 'Unsatisfactory response', 'General Inquiry'),
('SUP0018', 'Assisted with product warranty claim', 'Product Inquiry'),
('SUP0019', 'Provided information on upcoming promotions', 'General Inquiry'),
('SUP0020', 'Efficiently resolved shipping address change', 'Shipping');

INSERT INTO TRANSACTION_FOR_ORDER (orderId, trsnId)
VALUES
(104, 'TXN2023001'),
(105, 'TXN2023002'),
(106, 'TXN2023003'),
(107, 'TXN2023004'),
(108, 'TXN2023005'),
(109, 'TXN2023006'),
(110, 'TXN2023007'),
(111, 'TXN2023008'),
(112, 'TXN2023009'),
(113, 'TXN2023010'),
(114, 'TXN2023011'),
(115, 'TXN2023012'),
(116, 'TXN2023013'),
(117, 'TXN2023014'),
(118, 'TXN2023015'),
(119, 'TXN2023016'),
(120, 'TXN2023017'),
(121, 'TXN2023018'),
(122, 'TXN2023019'),
(123, 'TXN2023020');

INSERT INTO PAYMENT_FOR_TRANSACTION (customerId, trsnId)
VALUES
(4, 'TXN2023001'),
(5, 'TXN2023002'),
(6, 'TXN2023003'),
(7, 'TXN2023004'),
(8, 'TXN2023005'),
(9, 'TXN2023006'),
(10, 'TXN2023007'),
(11, 'TXN2023008'),
(12, 'TXN2023009'),
(13, 'TXN2023010'),
(14, 'TXN2023011'),
(15, 'TXN2023012'),
(16, 'TXN2023013'),
(17, 'TXN2023014'),
(18, 'TXN2023015'),
(19, 'TXN2023016'),
(20, 'TXN2023017'),
(21, 'TXN2023018'),
(22, 'TXN2023019'),
(23, 'TXN2023020');
INSERT INTO CHECKOUT (cartId, orderId)
VALUES
(1, 104),
(2, 105),
(3, 106),
(4, 107),
(5, 108),
(6, 109),
(7, 110),
(8, 111),
(9, 112),
(10, 113),
(11, 114),
(12, 115),
(13, 116),
(14, 117),
(15, 118),
(16, 119),
(17, 120),
(18, 121),
(19, 122);

